{"cameraMode":{"drawMode":0,"name":"Shaded","section":"Shading Mode"},"sceneLighting":true,"audioPlay":false,"sceneViewState":{"showFog":false,"showMaterialUpdate":false,"showSkybox":false,"showFlares":false,"showImageEffects":false,"showParticleSystems":false},"in2DMode":false,"pivot":{"x":57.05268859863281,"y":-11.995877265930176,"z":0.42838457226753237},"rotation":{"x":0.08156329393386841,"y":0.7017604112625122,"z":-0.08141797035932541,"w":0.7030483484268189},"size":82.4919662475586,"orthographic":false}